Epoch,Time (s),Train Loss,Test Loss,BIC
1,67.78064799308777,4.7648280078125e6,14532.901611328125,67954.82578797199
2,88.68426394462585,63963.84912109375,28019.8916015625,94928.80576844074
3,111.70467495918274,33840.876953125,7704.9112548828125,54298.84507508136
4,136.56527590751648,11798.490142822266,1832.2048797607422,42553.43232483722
5,161.9037368297577,4339.122100830078,667.4165554046631,40223.85567612506
6,186.74212098121643,1945.8260116577148,435.9224147796631,39760.86739487506
7,212.05624985694885,1177.9574432373047,352.10916900634766,39593.24090332843
8,237.58806586265564,892.0195369720459,245.1849889755249,39379.39254326678
9,263.09751081466675,719.4717769622803,224.7577018737793,39338.53796906329
