Epoch,Time (s),Train Loss,Test Loss,BIC
1,1285.5952229499817,1321.162638949722,291.03461319540156,582.0692263908031
2,2453.2558839321136,1013.803373626982,476.72396100761904,953.4479220152381
3,3602.5541648864746,1083.2979594842586,274.48674946661765,548.9734989332353
4,4764.621481895447,1091.6839295124112,339.7791178027697,679.5582356055394
5,5933.9190220832825,871.4120645444018,181.62566851684636,363.2513370336927
